Shepherdsville, KY
Schertz, TX
Murfreesboro, TN
Palmetto, FL
Lavergne, TN
Wesley Chapel, FL
Elwood, IN
Greenfield, IN
Jacksonville Beach, FL
Attalla, AL
Tuttle, OK
Hutto, TX
Plainfield, NJ
Franklin, TN
Selma, AL
Nashville, TN
Dallas, TX
Rossville, GA
North Little Rock, AR
Saltillo, MS
Albuquerque, NM
Odenville, AL
St. Petersburg, FL
Arcadia, FL
Maumelle, AR
Lakeshore, MS
Oklahoma City, OK
Goodlettsville, TN
Rushville, IN
Wilson, NC
Anchorage, AK
Auburndale, FL
Brazil, IN
Lake Alfred, FL
San Antonio, TX
Newcastle, OK
Atascosa, TX
San Antonio, TX
Belton, TX
St. Petersburg, FL
North Little Rock, AR
Pinson, AL
Eastaboga, AL
Louisville, KY
Spencer, IN
White Springs, FL
Zephyrhills, FL
Woodbridge, VA
Madison, TN
Sheridan, IN
Pelham, AL
Doral, FL
Platteville, WI
McAllen, TX
Lizton, IN
Taylor, TX
Adamsville, AL
Fort Collins, CO
Harrah, OK
Alabaster, AL
Evansville, IN
Commerce, TX
Nashville, TN
Wadley, AL
St. Petersburg, FL
Alexandria, LA
Brandon, FL
Parrish, FL
Milliken, CO
St. Johns, FL
Center Point, AL
Scottsdale, AZ
West Jacksonville, FL
Cedar Crest, NM
Hastings, MN
Hudson, FL
Tifton, GA
Montevallo, AL
Vancouver, WA
Westminster, CO
Cullman, AL
Loveland, CO
Austin, TX
Lapel, IN
Dora, AL
Aventura, FL
Pell City, AL
Vestavia, AL
Sun City, AZ
St. Petersburg, FL
New Albany, IN
Goodlettsville, TN
Jones, OK
Tarpon Springs, FL
Starlight, IN
Trussville, AL
Fisher, IL
Peoria, AZ
Pace, FL
Alpine, TX
Memphis, TN
Neptune Beach, FL
Albuquerque, NM
Westover, AL
Choctaw, OK
Mission, TX
Harvey, LA
Brent, AL
Ridgetop, TN
Tupelo, MS
Middletown, IN
Oklahoma City, OK
Bargersville, IN
Pekin, IL
Windfall, IN
Gallant, AL
Lagrange, GA
Lebanon Junction, KY
Warr Acres, OK
Oakland Park, FL
Adairville, KY
Beeville, TX
Helena, AL
Del Valle, TX
Pleasant View, TN
Aurora, CO
Denver, CO
Bloomfield, NM
Oklahoma City, OK
Fernandina Beach, FL
Raywick, KY
Albuquerque, NM
New Braunfels, TX
Santee, SC
Midfield, AL
Speedway, IN
McCordsville, IN
English, IN
Indianapolis, IN
Whitestown, IN
Bethany, OK
Peoria, AZ
Surprise, AZ
Budd Lake, NJ
Fairhope, AL
Dearborn, MI
Alturas, CA
Addison, TX
Franklin, TN
Helotes, TX
Perry, OK
Hastings, MI
St Petersburg, FL
Whiteland, IN
Seymour, IN
Mead, CO
Birmingham, AL
Robinsonville, MS
Pelham, AL
Yukon, OK
Bartow, FL
Pleasanton, CA
Avondale, AZ
Wheat Ridge, CO
Ellenton, FL
Louisville, CO
Westminster, CO
Atkins, AR
Shannon, MS
Cleveland, OH
Fleming Island, FL
Coral Gables, FL
Milwaukee, WI
Falls City, NE
China Grove, TX
Waldo, AR
North Vernon, IN
Jasper, IN
Breckenridge, TX
Orange, CA
Corona, CA
Phoenix, AZ
Carteret, NJ
Morris, IL
Alabaster, AL
Middle River, MD
Elizabeth, NJ
Commerce City, CO
Houston, TX
Bronx, NY
Watertown, SD
Gulfport, MS
Lawrenceburg, TN
Carleton, MI
Columbiana, AL
Killeen, TX
Attala, AL
Boise, ID
Hensley, AR
Nashville, TN
Palatka, FL
Bardstown, KY
Boerne, TX
Berthoud, CO
Fort Collins, CO
Washington, DC
New Castle, PA
Vestavia Hills, AL
Winter Haven, FL
Fairdale, KY
Castroville, TX
Jourdanton, TX
Leeds, AL
Shepherdsville, KY
Mooresville, IN
White Hall, AR
Johnstown, CO
Mt Juliet, TN
Summitville, IN
St Hedwig, TX
Laveen, AZ
Lake Hamilton, FL
Indianapolis, IN
Saratoga, CA
Antioch, TN
Lebanon Junction, KY
Evans, CO
Georgetown, TN
Nashville, TN
Mt Washington, KY
Vilonia, AR
Miramar, FL
Tolleson, AZ
Kingston Springs, TN
Middleburg, FL
Mayflower, AR
Adams, TN
Fultondale, AL
Lancaster, CA
Laurel, MD
Hueytown, AL
Vine Grove, KY
Ponte Vedra, FL
Fairland, IN
Lebanon, TN
Lake Hills, TX
Docena, AL
Dothan, AL
Frederick, MD
South Lafayette, LA
North Little Rock, AR
Hodgenville, KY
Jacksonville, FL
Westfield, IN
Hollister, MO
Southaven, MS
Clarksville, TN
North Birmingham, AL
Isleta, NM
Troy, AL
Thornton, CO
Sun Lakes, AZ
Chicago, IL
Zephyrhills, FL
Henderson, NV
Carmel, IN
Brentwood, TN
Frankfort, KY
Davenport, IA
Ponte Vedra Beach, FL
Greenwood Village, CO
Old Hickory, TN
Altheimer, AR
Madeira, OH
Davie, FL
Monroe, LA
Mountain Brook, AL
Winter Haven, FL
Westchase, FL
St Paul, MN
Davenport, FL
Lone Tree, CO
Hillsborough, NJ
Parish, NY
Raleigh, NC
Lochbuie, CO
Warren Park, IN
Queens Mespath, NY
Jacksonville, FL
Aurora, CO
Midland, TX
San Bernardino, CA
Firestone, CO
Daytona Beach, FL
Clermont, FL
Pine Bluff, AR
Watkins, CO
Newark, NJ
Canyon Lake, TX
Humnoke, AR
Dundee, FL
Los Angeles, CA
Casey, IL
Texarkana, AR
Pflugerville, TX
Columbia, SC
Talladega, AL
Vidalia, LA
Little Rock, AR
Irving, TX
Lonoke, AR
Fort Knox, KY
Irondale, AL
Guadalupe, AZ
Gainesville, FL